"Additional Resources on PDF Accessibility - Web Accessibility",https://webguide.boisestate.edu/accessibility/additional-resources-pdf-accessibility/,https://webguide.boisestate.edu/additional-resources-pdf-accessibility/,additional-resources-pdf-accessibility
"Audio and Video Accessibility - Web Accessibility",https://webguide.boisestate.edu/accessibility/introduction/audio-video/,https://webguide.boisestate.edu/introduction-audio-video/,introduction-audio-video
"Charts, Maps and Infographics - Web Accessibility",https://webguide.boisestate.edu/accessibility/complex-images/,https://webguide.boisestate.edu/complex-images/,complex-images
"Checking Your Work - Web Accessibility",https://webguide.boisestate.edu/accessibility/introduction/checking-your-work/,https://webguide.boisestate.edu/introduction-checking-your-work/,introduction-checking-your-work
"Creating Compliant Content – Headings - Web Accessibility",https://webguide.boisestate.edu/accessibility/introduction/content-headings/,https://webguide.boisestate.edu/introduction-content-headings/,introduction-content-headings
"Creating Compliant Content – Hyperlinks - Web Accessibility",https://webguide.boisestate.edu/accessibility/introduction/content-hyperlinks/,https://webguide.boisestate.edu/introduction-content-hyperlinks/,introduction-content-hyperlinks
"Creating Compliant Content – Images and Movement - Web Accessibility",https://webguide.boisestate.edu/accessibility/introduction/content-images/,https://webguide.boisestate.edu/introduction-content-images/,introduction-content-images
"Creating Compliant Content – Instructions and Descriptions - Web Accessibility",https://webguide.boisestate.edu/accessibility/introduction/content-instructions/,https://webguide.boisestate.edu/introduction-content-instructions/,introduction-content-instructions
"Creating Compliant Content – Text - Web Accessibility",https://webguide.boisestate.edu/accessibility/introduction/content-text/,https://webguide.boisestate.edu/introduction-content-text/,introduction-content-text
"Document Accessibility - Web Accessibility",https://webguide.boisestate.edu/accessibility/document-accessibility/,https://webguide.boisestate.edu/document-accessibility/,document-accessibility
"Document Accessibility - Web Accessibility",https://webguide.boisestate.edu/accessibility/introduction/documents/,https://webguide.boisestate.edu/introduction-documents/,introduction-documents
"enrollment longdesc - Web Accessibility",https://webguide.boisestate.edu/accessibility/enrollment-longdesc/,https://webguide.boisestate.edu/enrollment-longdesc/,enrollment-longdesc
"How to Review Document Accessibility on Your Site - Web Accessibility",https://webguide.boisestate.edu/accessibility/review-document-accesibility-page/,https://webguide.boisestate.edu/review-document-accesibility-page/,review-document-accesibility-page
"How to Review Existing PDF Documents - Web Accessibility",https://webguide.boisestate.edu/accessibility/review-existing-pdf-documents/,https://webguide.boisestate.edu/review-existing-pdf-documents/,review-existing-pdf-documents
"Image link has no alternative text - Web Accessibility",https://webguide.boisestate.edu/accessibility/priority-issues/image-link-no-alternative-text/,https://webguide.boisestate.edu/priority-issues-image-link-no-alternative-text/,priority-issues-image-link-no-alternative-text
"Introduction to Web Accessibility - Web Accessibility",https://webguide.boisestate.edu/accessibility/introduction/,https://webguide.boisestate.edu/introduction/,introduction
"Legal Obligations - Web Accessibility",https://webguide.boisestate.edu/accessibility/introduction/legal-obligations/,https://webguide.boisestate.edu/introduction-legal-obligations/,introduction-legal-obligations
"Lessons Learned - Web Accessibility",https://webguide.boisestate.edu/accessibility/introduction/lessons-learned/,https://webguide.boisestate.edu/introduction-lessons-learned/,introduction-lessons-learned
"Making a PowerPoint Accessible - Web Accessibility",https://webguide.boisestate.edu/accessibility/making-powerpoint-accessible-windows/,https://webguide.boisestate.edu/making-powerpoint-accessible-windows/,making-powerpoint-accessible-windows
"Making a Word Document Accessible with a Mac - Web Accessibility",https://webguide.boisestate.edu/accessibility/making-word-document-accessible-mac/,https://webguide.boisestate.edu/making-word-document-accessible-mac/,making-word-document-accessible-mac
"Making a Word Document Accessible with Windows - Web Accessibility",https://webguide.boisestate.edu/accessibility/making-word-document-accessible-windows/,https://webguide.boisestate.edu/making-word-document-accessible-windows/,making-word-document-accessible-windows
"Microsoft PowerPoint Accessibility - Web Accessibility",https://webguide.boisestate.edu/accessibility/microsoft-powerpoint-accessibility/,https://webguide.boisestate.edu/microsoft-powerpoint-accessibility/,microsoft-powerpoint-accessibility
"Microsoft Word Accessibility - Web Accessibility",https://webguide.boisestate.edu/accessibility/microsoft-word-accessibility/,https://webguide.boisestate.edu/microsoft-word-accessibility/,microsoft-word-accessibility
"PDF Accessibility - Web Accessibility",https://webguide.boisestate.edu/accessibility/pdf-accessibility/,https://webguide.boisestate.edu/pdf-accessibility/,pdf-accessibility
"PowerPoint Accessibility Checker - Web Accessibility",https://webguide.boisestate.edu/accessibility/powerpoint-accessibility-checker/,https://webguide.boisestate.edu/powerpoint-accessibility-checker/,powerpoint-accessibility-checker
"Priority Issues - Web Accessibility",https://webguide.boisestate.edu/accessibility/priority-issues/,https://webguide.boisestate.edu/priority-issues/,priority-issues
"Repairing PDFs with Acrobat Pro DC - Web Accessibility",https://webguide.boisestate.edu/accessibility/repairing-pdfs-acrobat-pro-dc/,https://webguide.boisestate.edu/repairing-pdfs-acrobat-pro-dc/,repairing-pdfs-acrobat-pro-dc
"Siteimprove Accessibility Report - Web Accessibility",https://webguide.boisestate.edu/accessibility/siteimprove-accessibility-report/,https://webguide.boisestate.edu/siteimprove-accessibility-report/,siteimprove-accessibility-report
"Siteimprove Status - Web Accessibility",https://webguide.boisestate.edu/accessibility/siteimprove-status/,https://webguide.boisestate.edu/siteimprove-status/,siteimprove-status
"Tables - Web Accessibility",https://webguide.boisestate.edu/accessibility/introduction/content-tables/,https://webguide.boisestate.edu/introduction-content-tables/,introduction-content-tables
"Text in image - Web Accessibility",https://webguide.boisestate.edu/accessibility/text-in-image/,https://webguide.boisestate.edu/text-in-image/,text-in-image
"Tools for Repairing PDF Documents - Web Accessibility",https://webguide.boisestate.edu/accessibility/repair-pdf-documents/,https://webguide.boisestate.edu/repair-pdf-documents/,repair-pdf-documents
"Using longdesc - Web Accessibility",https://webguide.boisestate.edu/accessibility/using-longdesc/,https://webguide.boisestate.edu/using-longdesc/,using-longdesc
"Using Siteimprove for Web Accessibility - Web Accessibility",https://webguide.boisestate.edu/accessibility/using-siteimprove-web-accessibility/,https://webguide.boisestate.edu/using-siteimprove-web-accessibility/,using-siteimprove-web-accessibility
"Video Accessibility - Web Accessibility",https://webguide.boisestate.edu/accessibility/video-accessibility/,https://webguide.boisestate.edu/video-accessibility/,video-accessibility
"Web Accessibility at Boise State University - Web Accessibility",https://webguide.boisestate.edu/accessibility/,https://webguide.boisestate.edu/
"Web Content Accessibility Guidelines (WCAG) 2.0 - Web Accessibility",https://webguide.boisestate.edu/accessibility/introduction/wcag/,https://webguide.boisestate.edu/introduction-wcag/,introduction-wcag
"Word Accessibility Checker - Web Accessibility",https://webguide.boisestate.edu/accessibility/accessibility-checker/,https://webguide.boisestate.edu/accessibility-checker/,accessibility-checker
"YouTube Accessibility - Web Accessibility",https://webguide.boisestate.edu/accessibility/youtube-accessibility/,https://webguide.boisestate.edu/youtube-accessibility/,youtube-accessibility
